image_0001.jpg,49,28,349,136
image_0002.jpg,58,33,341,152
image_0003.jpg,48,35,331,136
image_0004.jpg,48,33,340,139
image_0004.jpg,307,50,360,111
image_0004.jpg,311,49,392,109
image_0005.jpg,49,18,339,144
image_0006.jpg,48,24,342,124
image_0007.jpg,49,24,343,122
image_0008.jpg,47,29,342,118
image_0009.jpg,53,31,342,136
image_0010.jpg,56,32,334,104
image_0011.jpg,58,34,339,129
image_0012.jpg,48,25,342,122
image_0013.jpg,50,30,344,143
image_0014.jpg,54,34,347,121
image_0015.jpg,60,43,352,163
image_0016.jpg,57,53,328,137
image_0017.jpg,60,33,346,142
image_0018.jpg,56,31,347,148
image_0019.jpg,49,31,341,147
image_0020.jpg,45,30,346,163
image_0021.jpg,46,24,346,127
image_0022.jpg,47,30,343,129
image_0023.jpg,49,22,342,121
image_0024.jpg,42,24,342,105
image_0025.jpg,55,30,341,140
image_0026.jpg,59,30,337,128
image_0027.jpg,53,26,347,125
image_0028.jpg,55,27,343,115
image_0029.jpg,54,27,347,119
image_0030.jpg,47,27,349,157
image_0031.jpg,57,40,348,196
image_0032.jpg,50,29,341,118
image_0033.jpg,49,29,345,131
image_0034.jpg,47,28,339,120
image_0035.jpg,52,27,331,125
image_0036.jpg,49,5,346,165
image_0037.jpg,52,33,344,136
image_0038.jpg,44,4,345,104
image_0039.jpg,57,18,333,146
image_0040.jpg,46,26,342,142
image_0041.jpg,44,28,335,140
image_0042.jpg,51,32,337,154
image_0043.jpg,61,37,337,129
image_0044.jpg,63,30,337,131
image_0045.jpg,45,37,328,153
image_0046.jpg,61,23,345,143
image_0047.jpg,58,24,336,149
image_0048.jpg,53,26,335,124
image_0049.jpg,57,38,346,174
image_0050.jpg,61,39,338,126
image_0051.jpg,52,33,345,173
image_0052.jpg,57,24,346,143
image_0053.jpg,49,41,344,137
image_0054.jpg,63,43,323,169
image_0055.jpg,55,26,343,115
image_0056.jpg,68,28,327,115
image_0057.jpg,46,51,324,140
image_0058.jpg,37,48,340,146
image_0059.jpg,52,3,339,180
image_0060.jpg,52,17,339,126
image_0061.jpg,51,44,336,125
image_0062.jpg,54,42,345,127
image_0063.jpg,44,31,343,121
image_0064.jpg,46,39,342,138
image_0065.jpg,49,30,347,126
image_0066.jpg,50,38,343,111
image_0067.jpg,46,27,340,150
image_0068.jpg,52,29,338,144
image_0069.jpg,57,31,392,147
image_0070.jpg,48,34,345,158
image_0071.jpg,52,39,361,152
image_0072.jpg,57,77,339,171
image_0072.jpg,248,118,396,188
image_0073.jpg,49,28,346,110
image_0074.jpg,49,29,346,98
image_0075.jpg,64,31,357,112
image_0076.jpg,45,31,341,146
image_0077.jpg,34,26,346,132
image_0078.jpg,45,23,335,157
image_0079.jpg,55,20,335,133
image_0080.jpg,44,32,344,137
image_0081.jpg,58,30,337,123
image_0082.jpg,57,37,343,138
image_0083.jpg,50,16,335,147
image_0084.jpg,59,42,350,144
image_0085.jpg,51,14,343,144
image_0086.jpg,49,30,344,109
image_0087.jpg,43,46,340,148
image_0088.jpg,60,55,354,144
image_0089.jpg,47,39,346,144
image_0090.jpg,43,33,342,163
image_0091.jpg,49,28,340,146
image_0092.jpg,53,32,343,157
image_0093.jpg,40,26,344,127
image_0094.jpg,45,23,346,108
image_0095.jpg,50,28,344,133
image_0096.jpg,52,41,327,137
image_0097.jpg,51,37,341,156
image_0098.jpg,51,17,335,163
image_0099.jpg,49,29,343,162
image_0100.jpg,46,7,341,165
image_0101.jpg,46,1,350,164
image_0102.jpg,48,27,342,106
image_0103.jpg,50,27,346,107
image_0104.jpg,53,14,345,181
image_0105.jpg,46,41,348,155
image_0106.jpg,47,31,351,151
image_0107.jpg,55,40,344,146
image_0108.jpg,54,43,346,132
image_0109.jpg,54,33,342,132
image_0110.jpg,54,15,341,137
image_0111.jpg,54,34,345,132
image_0112.jpg,62,19,339,140
image_0113.jpg,51,23,332,124
image_0114.jpg,46,40,335,157
image_0115.jpg,48,36,340,150
image_0116.jpg,52,31,341,141
image_0117.jpg,28,28,348,140
image_0118.jpg,48,26,346,129
image_0119.jpg,46,7,335,96
image_0120.jpg,42,26,350,137
image_0121.jpg,30,31,351,157
image_0122.jpg,66,37,352,137
image_0123.jpg,54,31,350,125
image_0124.jpg,47,32,348,117
image_0125.jpg,22,37,352,118
image_0126.jpg,53,33,346,116
image_0127.jpg,54,29,342,130
image_0128.jpg,58,26,351,123
image_0129.jpg,65,38,362,132
image_0130.jpg,44,29,330,117
image_0131.jpg,57,30,349,136
image_0132.jpg,34,32,343,111
image_0133.jpg,50,58,335,143
image_0134.jpg,40,25,344,102
image_0135.jpg,62,51,356,144
image_0136.jpg,33,27,346,150
image_0137.jpg,36,25,351,101
image_0138.jpg,47,23,346,95
image_0139.jpg,40,26,345,102
image_0140.jpg,44,24,344,94
image_0141.jpg,63,33,350,138
image_0142.jpg,49,31,344,149
image_0143.jpg,56,31,345,128
image_0143.jpg,106,1,320,56
image_0144.jpg,54,27,341,119
image_0145.jpg,69,52,339,146
image_0146.jpg,63,31,350,128
image_0147.jpg,50,26,332,122
image_0148.jpg,58,33,343,126
image_0149.jpg,53,30,346,131
image_0150.jpg,53,25,345,96
image_0151.jpg,45,31,355,85
image_0152.jpg,30,32,347,148
image_0153.jpg,10,1,166,78
image_0153.jpg,53,36,358,153
image_0154.jpg,20,9,229,69
image_0154.jpg,90,62,344,110
image_0155.jpg,31,30,352,129
image_0156.jpg,52,26,338,109
image_0157.jpg,40,23,345,103
image_0158.jpg,53,28,346,114
image_0159.jpg,58,35,343,176
image_0160.jpg,56,27,342,136
image_0161.jpg,48,27,343,98
image_0162.jpg,57,29,347,135
image_0163.jpg,63,33,339,90
image_0164.jpg,54,29,345,146
image_0164.jpg,16,28,209,116
image_0165.jpg,38,28,345,116
image_0166.jpg,58,33,358,128
image_0167.jpg,45,25,339,115
image_0168.jpg,55,30,344,127
image_0169.jpg,44,29,349,115
image_0170.jpg,53,24,348,119
image_0170.jpg,30,17,90,100
image_0171.jpg,42,40,341,109
image_0172.jpg,61,39,356,157
image_0173.jpg,48,26,346,114
image_0174.jpg,61,25,346,136
image_0175.jpg,45,62,337,143
image_0176.jpg,46,88,210,139
image_0176.jpg,58,28,350,124
image_0177.jpg,40,25,344,117
image_0178.jpg,49,30,347,160
image_0179.jpg,51,29,350,142
image_0180.jpg,49,31,344,128
image_0181.jpg,57,27,341,129
image_0182.jpg,43,28,348,113
image_0183.jpg,43,26,342,113
image_0184.jpg,48,24,345,109
image_0185.jpg,53,28,340,112
image_0186.jpg,45,31,345,150
image_0187.jpg,55,31,348,131
image_0188.jpg,47,25,345,112
image_0189.jpg,54,30,342,133
image_0190.jpg,52,33,346,122
image_0190.jpg,140,30,253,62
image_0191.jpg,36,28,345,121
image_0192.jpg,51,25,344,105
image_0193.jpg,51,26,345,136
image_0194.jpg,49,58,340,130
image_0195.jpg,51,30,347,106
image_0195.jpg,24,23,151,58
image_0196.jpg,49,26,343,131
image_0197.jpg,49,25,345,111
image_0198.jpg,46,27,348,141
image_0199.jpg,76,40,353,152
image_0200.jpg,52,30,345,133
image_0201.jpg,46,33,345,121
image_0202.jpg,42,9,241,51
image_0202.jpg,42,32,343,105
image_0203.jpg,166,1,403,111
image_0203.jpg,55,30,348,141
image_0204.jpg,50,32,344,131
image_0205.jpg,57,46,342,128
image_0206.jpg,57,29,339,132
image_0207.jpg,56,30,343,147
image_0208.jpg,66,42,342,191
image_0209.jpg,64,41,344,158
image_0210.jpg,60,36,339,191
image_0211.jpg,62,34,347,144
image_0212.jpg,59,45,353,163
image_0213.jpg,50,30,345,145
image_0214.jpg,51,27,341,103
image_0215.jpg,45,27,346,113
image_0216.jpg,64,36,347,133
image_0217.jpg,48,31,348,142
image_0218.jpg,47,27,349,119
image_0219.jpg,68,37,350,135
image_0220.jpg,47,26,345,101
image_0221.jpg,55,38,357,143
image_0222.jpg,40,36,350,159
image_0223.jpg,23,28,347,140
image_0224.jpg,37,32,345,128
image_0224.jpg,201,17,382,81
image_0225.jpg,46,30,351,112
image_0226.jpg,46,11,347,126
image_0227.jpg,38,32,345,139
image_0228.jpg,50,26,350,98
image_0229.jpg,52,34,345,148
image_0230.jpg,64,72,351,137
image_0231.jpg,76,71,348,141
image_0232.jpg,56,33,348,105
image_0233.jpg,55,28,351,138
image_0234.jpg,48,29,345,147
image_0235.jpg,54,36,349,139
image_0236.jpg,46,33,353,143
image_0237.jpg,39,37,355,139
image_0238.jpg,49,30,347,146
image_0239.jpg,59,32,355,156
image_0240.jpg,54,31,350,127
image_0241.jpg,25,28,353,143
image_0242.jpg,46,34,342,121
image_0243.jpg,30,32,351,138
image_0244.jpg,36,31,341,145
image_0245.jpg,80,53,367,173
image_0246.jpg,46,27,345,134
image_0247.jpg,70,29,358,94
image_0247.jpg,115,1,343,30
image_0248.jpg,58,28,343,141
image_0249.jpg,62,26,345,133
image_0250.jpg,75,29,341,149
image_0251.jpg,56,36,345,113
image_0252.jpg,64,37,350,134
image_0253.jpg,47,32,342,126
image_0254.jpg,47,60,348,186
image_0255.jpg,63,37,352,115
image_0255.jpg,59,1,184,41
image_0255.jpg,190,1,336,41
image_0256.jpg,83,60,351,155
image_0256.jpg,177,1,383,42
image_0256.jpg,29,1,171,32
image_0257.jpg,48,24,352,111
image_0258.jpg,172,1,288,23
image_0258.jpg,114,1,288,65
image_0258.jpg,45,30,343,154
image_0259.jpg,68,32,355,107
image_0260.jpg,78,51,356,115
image_0261.jpg,55,36,338,154
image_0261.jpg,130,1,336,43
image_0262.jpg,82,82,322,412
image_0263.jpg,86,81,348,194
image_0263.jpg,8,1,200,88
image_0264.jpg,52,36,362,117
image_0265.jpg,47,50,292,279
image_0266.jpg,53,64,351,185
image_0267.jpg,44,84,350,184
image_0268.jpg,52,32,349,133
image_0269.jpg,69,35,350,143
image_0270.jpg,60,36,352,134
image_0271.jpg,54,30,345,123
image_0272.jpg,52,35,361,132
image_0273.jpg,58,23,350,126
image_0274.jpg,53,32,354,133
image_0275.jpg,52,23,342,93
image_0276.jpg,36,25,343,104
image_0277.jpg,59,31,349,151
image_0278.jpg,46,32,347,152
image_0279.jpg,41,29,349,130
image_0280.jpg,48,38,348,141
image_0281.jpg,44,27,348,134
image_0282.jpg,46,27,353,114
image_0283.jpg,52,27,348,92
image_0284.jpg,61,35,352,135
image_0285.jpg,60,32,351,127
image_0286.jpg,54,40,350,120
image_0287.jpg,55,34,342,122
image_0288.jpg,51,25,347,114
image_0289.jpg,60,31,342,139
image_0290.jpg,39,32,354,131
image_0291.jpg,57,28,352,130
image_0292.jpg,57,29,353,123
image_0293.jpg,60,30,352,124
image_0294.jpg,55,30,349,134
image_0295.jpg,51,33,351,146
image_0296.jpg,64,37,358,145
image_0297.jpg,52,25,345,127
image_0298.jpg,60,31,353,126
image_0299.jpg,54,30,348,138
image_0300.jpg,55,23,356,111