panda029_jpeg.rf.0022409bdbb4a985bc7b3fae2e3e7a49.jpg;47;180;354;511
panda029_jpeg.rf.0022409bdbb4a985bc7b3fae2e3e7a49.jpg;305;147;516;514
panda086_jpeg.rf.1a9e65b817df67811f0519ead1c9168f.jpg;36;45;435;600
panda118_jpeg.rf.871a4db66cec0a992e24af5fec888992.jpg;0;0;628;640
panda084_jpeg.rf.8aa62a55d91f27c43c6b98d9c1af47ec.jpg;8;0;640;640
panda155_jpeg.rf.2c29e7b4739ab5eec36216e166f0e611.jpg;386;234;640;640
panda078_jpeg.rf.49e72bc503655ec05e0679edd2a9952e.jpg;148;82;505;530
panda137_jpeg.rf.910aea150ec0b5397b81ef9d00f3bf3f.jpg;68;0;590;640
panda080_jpeg.rf.8ea4d103cf0d5ce0ae2ab92b988a9d7c.jpg;0;0;593;640
panda106_jpeg.rf.45336b1f044e71e867194437bbc39509.jpg;104;43;578;640
panda172_jpeg.rf.6d45b03a26790da1c969293ba9947052.jpg;105;64;608;640
panda052_jpeg.rf.1139682860052f8d876c50dd81b23205.jpg;284;35;561;640
panda156_jpeg.rf.fc7358c927c74f364ca1d7b636213073.jpg;34;15;337;640
panda131_jpeg.rf.8cbcac1dcf5bcad2cbe0098b72baa3cd.jpg;92;104;406;567
panda131_jpeg.rf.8cbcac1dcf5bcad2cbe0098b72baa3cd.jpg;219;242;548;573
panda009_jpeg.rf.f1019df0c429260810b6d4ddcf8d150a.jpg;106;11;584;640
panda073_jpeg.rf.25d23df989572665869d118ec23ba132.jpg;77;156;307;414
panda073_jpeg.rf.25d23df989572665869d118ec23ba132.jpg;0;219;627;600
panda127_jpeg.rf.917d1967985c2a92ed5fcb32568b8aa3.jpg;51;132;608;623
panda148_jpeg.rf.ffd82821f933e8aec30f5ece9b3a4b50.jpg;14;126;498;640
panda133_jpeg.rf.9b42f14fab7d2993e592311264fe03e0.jpg;100;7;549;640
panda121_jpeg.rf.4c1132f3671e9307438bf14982ac5503.jpg;0;72;478;640
panda144_jpeg.rf.021c164dc8ee5fa2259c0cf8a12255dc.jpg;106;17;529;614
panda157_jpeg.rf.055f8466f2f7bab840c511e9b6481573.jpg;214;129;535;590
panda138_jpeg.rf.0c17e0899a718084b2e8e761c98b247d.jpg;200;256;487;572
panda176_jpeg.rf.0366947e0b04095d087210282c3ca3b5.jpg;77;23;529;640
panda046_jpeg.rf.0dc64988e71953a3a7194701563f042b.jpg;2;137;370;640
panda046_jpeg.rf.0dc64988e71953a3a7194701563f042b.jpg;270;8;640;617
panda174_jpeg.rf.0cde6c7da5c1de70b03bd2b15176debd.jpg;143;236;488;475
panda122_jpeg.rf.14154901232a957b5d32b11629e1dea8.jpg;0;153;347;640
panda122_jpeg.rf.14154901232a957b5d32b11629e1dea8.jpg;312;98;640;640
panda024_jpeg.rf.17e8d0ec18e8443536b46f9a8db1f6e9.jpg;14;165;640;640
panda019_jpeg.rf.17b5a7bad8a8a50bdabcfe2b9ea24e58.jpg;113;231;247;640
panda019_jpeg.rf.17b5a7bad8a8a50bdabcfe2b9ea24e58.jpg;219;173;399;556
panda019_jpeg.rf.17b5a7bad8a8a50bdabcfe2b9ea24e58.jpg;324;173;502;531
panda019_jpeg.rf.17b5a7bad8a8a50bdabcfe2b9ea24e58.jpg;463;335;640;640
panda067_jpeg.rf.161748af2b7fff66e5973301133b7879.jpg;297;174;596;566
panda129_jpeg.rf.1cc40079f072effca358f3fc5af371cb.jpg;182;28;640;640
panda049_jpeg.rf.192f9849c958c45a195c8cc75965fb39.jpg;56;0;530;640
panda058_jpeg.rf.1c23a58135616c0e3be4556abb01fc34.jpg;64;5;586;619
panda088_jpeg.rf.24c875570e020adc63ea1b939f4c9cc8.jpg;3;18;640;640
panda004_jpeg.rf.1dc38b60bb98f45ae359f9585158f5cb.jpg;5;12;558;640
panda041_jpeg.rf.191555717636b8a7e079521093668463.jpg;117;45;382;588
panda162_jpeg.rf.28dfac2e92dae8d1e8df8afa270e9db9.jpg;9;55;638;523
panda034_jpeg.rf.1f6fd11efa023d75c856c9821200db75.jpg;179;94;579;589
panda125_jpeg.rf.1c602b2f9b4eac56a76f50d6f043c520.jpg;168;17;423;568
panda152_jpeg.rf.1f062d3c54111b75fb1005aadae98d2b.jpg;0;19;384;640
panda160_jpeg.rf.26e49965e580d31740f1165bc1197c85.jpg;124;0;578;640
panda170_jpeg.rf.27b908d121bedf9737c81bb1fe70f026.jpg;228;105;468;621
panda185_jpeg.rf.2e9bcb9dd0714c547b73f1fd9b6c9614.jpg;172;78;576;620
panda182_jpeg.rf.1decf08734176db6cc907577ae0b3c31.jpg;174;263;457;508
panda097_jpeg.rf.1979e13fd9ee1d9ac65ad17b651c3d69.jpg;225;120;463;560
panda126_jpeg.rf.25cba35633dfab040f79a1afacb2018d.jpg;124;85;495;568
panda183_jpeg.rf.3ea3cf27ec7185c1faa337f876ba787e.jpg;75;269;308;538
panda183_jpeg.rf.3ea3cf27ec7185c1faa337f876ba787e.jpg;189;205;607;544
panda083_jpeg.rf.20937030a748aaeef7fbbd4f0c0c9c39.jpg;144;200;297;336
panda083_jpeg.rf.20937030a748aaeef7fbbd4f0c0c9c39.jpg;312;210;495;534
panda104_jpeg.rf.28f0d0a9d28407f368ca34dbadcf4964.jpg;411;49;546;363
panda104_jpeg.rf.28f0d0a9d28407f368ca34dbadcf4964.jpg;347;153;555;568
panda026_jpeg.rf.1cd796cfc4413b49d5bb9d55abb1eb83.jpg;147;129;597;617
panda117_jpeg.rf.2385bb3fa57b7347884ec66aea61073d.jpg;220;4;406;328
panda117_jpeg.rf.2385bb3fa57b7347884ec66aea61073d.jpg;77;213;535;640
panda111_jpeg.rf.2e57baa9ce8362c7e931da02b4e26bf2.jpg;83;0;640;640
panda181_jpeg.rf.4591c3c041b08e75f623796227f78048.jpg;390;147;578;373
panda013_jpeg.rf.2bebd44587f19d8dc650e144efcefa9d.jpg;151;11;640;640
panda042_jpeg.rf.3d8a19e20c211ef0de41b654ebea78a6.jpg;0;34;301;640
panda042_jpeg.rf.3d8a19e20c211ef0de41b654ebea78a6.jpg;100;506;185;640
panda061_jpeg.rf.164e6173d2f5944edfd33d5350338c8c.jpg;143;98;567;559
panda072_jpeg.rf.33854116b674f481e9f4600d7468af79.jpg;56;213;589;545
panda072_jpeg.rf.33854116b674f481e9f4600d7468af79.jpg;233;97;528;304
panda028_jpeg.rf.46b98686005b62edd49cebc5e7f64a59.jpg;147;79;457;616
panda165_jpeg.rf.30e39bdeae163b45f29c8552580dd9a3.jpg;89;79;377;595
panda165_jpeg.rf.30e39bdeae163b45f29c8552580dd9a3.jpg;0;0;608;632
panda070_jpeg.rf.40370e5462ac065d80a081aad2bead77.jpg;0;5;640;640
panda018_jpeg.rf.4b7d057a4dbff5346467ce90a85ae917.jpg;118;35;569;541
panda099_jpeg.rf.5073683f65640dab77bb3cf3d9d54ca8.jpg;39;17;502;557
panda091_jpeg.rf.4b0783d6e5a1c58991aaf4210e40fe1e.jpg;41;0;603;640
panda075_jpeg.rf.3b79161ebf9c19aa356f755f2bef453e.jpg;146;0;475;640
panda036_jpeg.rf.3fb69717e4b87f6ba777e3d369c3bee6.jpg;34;108;521;640
panda166_jpeg.rf.456f11bbe755950b4ded1a0e4365945b.jpg;37;11;420;640
panda171_jpeg.rf.52c3a98e10d2bd17e6c4946ea42a5660.jpg;0;0;582;640
panda107_jpeg.rf.5a4086b4083b1c6dfd405f004abdb9de.jpg;0;0;640;640
panda173_jpeg.rf.4bf91b800c81481fbaa1876e13e85a70.jpg;99;0;501;640
panda164_jpeg.rf.554de94abdaee777cc16df6700344783.jpg;86;9;544;637
panda044_jpeg.rf.53e29400f5a7cee0bd454bd756e8e162.jpg;168;7;452;640
panda096_png.rf.4e9e72655b4f609c966c840da1ae7859.jpg;159;117;479;521
panda113_jpeg.rf.6769ab322abf81f71c7128e9764be913.jpg;72;0;640;640
panda180_jpeg.rf.4bbb3e4aa285389a1f92ec2de21b3fe2.jpg;137;25;503;567
panda043_jpeg.rf.63623bdf1b5a27f8d06e94078829b8f2.jpg;26;4;587;584
panda001_jpeg.rf.4cfb4bc52dc68cde5a9a27db35bdd0d7.jpg;159;48;458;585
panda101_jpeg.rf.5b870b30f3475da48a109e7a795171e5.jpg;135;97;480;606
panda005_jpeg.rf.51b94726e80e31bf2e3438c2083aaf25.jpg;99;23;640;640
panda017_jpeg.rf.45003e80375d860a105b0c62e8abaae6.jpg;276;310;561;595
panda021_jpeg.rf.7270123763ebd65fb1df5c8a3834ee6d.jpg;0;14;620;601
panda128_jpeg.rf.72be463f42f02dad84c2e7f58ee6d16e.jpg;205;69;409;553
panda105_jpeg.rf.743afd1cec2f3616723b850b3af0feea.jpg;62;0;557;640
panda146_jpeg.rf.675f209ad461ef22c262d4f570aca339.jpg;96;8;474;640
panda077_jpeg.rf.75a990336132e96deaf19e38713f7225.jpg;236;97;525;600
panda090_jpeg.rf.6ee59d98aad3f9456b28c17ea2354252.jpg;93;0;610;640
panda123_jpeg.rf.6fafed028717e3ef0ca1fa92838c2b5f.jpg;0;11;602;640
panda130_jpeg.rf.70b1dfc144dbe73da4f3681e456db021.jpg;123;113;457;578
panda163_jpeg.rf.7e8c49d160a6b95cc46482afae18d264.jpg;0;0;602;640
panda040_jpeg.rf.71d1e4e374d0187ef86e560a5520622f.jpg;37;27;386;560
panda071_jpeg.rf.84a715526c70556611c41aa37f853b46.jpg;34;99;493;640
panda154_jpeg.rf.795732c8963e2e2529e304d8eecaa7d4.jpg;0;14;576;633
panda178_jpeg.rf.7726969378d89f9473e6cdef3e0495a3.jpg;142;121;311;523
panda010_jpeg.rf.8977658a67efca4181bca95b0b7819f9.jpg;0;21;568;629
panda047_jpeg.rf.8c1e19b086aa7c7045abed73a61679b2.jpg;45;79;595;557
panda116_jpeg.rf.7a10850c444f91d0b18d9f941df7e6cc.jpg;26;0;594;611
panda184_jpeg.rf.793e7cf8634f6cc1b8aec9414d854571.jpg;106;0;572;640
panda186_jpeg.rf.7a68d3232c52270229655c8cb9247585.jpg;148;228;300;601
panda186_jpeg.rf.7a68d3232c52270229655c8cb9247585.jpg;288;244;470;608
panda139_jpeg.rf.6dbb597cd5266d59dedcfaf2e5b8ab32.jpg;32;57;627;640
panda031_jpeg.rf.7e02a8808e1bbb7da6dcf886473e37ac.jpg;91;11;550;628
panda033_jpeg.rf.89a98c676c1443c0ed7a087d8c89f462.jpg;0;0;615;640
panda114_jpeg.rf.95cbce51af9cf2529c9abbaead55a1c1.jpg;88;80;533;640
panda145_jpeg.rf.9ec693609d608eb30983f7bd2dba0d8d.jpg;108;30;591;623
panda002_jpeg.rf.8e00a336b4614e0f71c8d1ed4569da71.jpg;96;15;619;640
panda095_jpeg.rf.90ced57116478ec41f6d62f87b859e8f.jpg;37;23;421;640
panda093_jpeg.rf.7621c50806bfed2fc4f72b70b02a23b0.jpg;270;16;575;640
panda038_jpeg.rf.8e217f3e2dc7c2c62dbb0e072d945065.jpg;116;47;475;584
panda057_jpeg.rf.8a04d212dbd06c679227c7f78f2fed2a.jpg;60;0;570;640
panda064_jpeg.rf.9e947542c72d83569dd17846dec9490f.jpg;0;42;640;640
panda158_jpeg.rf.96a83f1715ae927f3db997c0376d97b2.jpg;175;41;466;418
panda159_jpeg.rf.8c458e1bcb3d46df29a4dfbdcd6a0062.jpg;184;0;494;596
panda115_jpeg.rf.8c3ac8233f4de56303819dbc7f9f4641.jpg;0;0;640;640
panda054_jpeg.rf.9c0e845bdec060e17cf085b21af13b3f.jpg;86;0;640;640
panda142_jpeg.rf.a0bd0f19e82ed8de16578eeea61107ef.jpg;160;142;422;525
panda089_jpeg.rf.a406c7ec5ba74c57ab101e794ded0d7e.jpg;0;0;610;640
panda051_jpeg.rf.a5ab054524a1d129223abd98bf5447e2.jpg;0;98;640;640
panda003_jpeg.rf.a47b2254d8ecf0b72b53d22d31aa2146.jpg;1;50;627;640
panda006_jpeg.rf.aadeac0d7adbc1e7f846cf2c5aa16937.jpg;0;0;411;640
panda175_jpeg.rf.b98ef38cb61462a20ec604921372bc22.jpg;72;74;526;601
panda025_jpeg.rf.becac8686b3329dae3c05094813feb62.jpg;49;37;360;640
panda153_jpeg.rf.c5058137496b6b696ef711d372df038d.jpg;319;103;563;474
panda134_jpeg.rf.a603e96f0dffd06cb158bb858c06609f.jpg;167;169;596;594
panda066_jpeg.rf.b9ce693abcdd80b9db6b3bdfa6918fb6.jpg;65;240;432;506
panda066_jpeg.rf.b9ce693abcdd80b9db6b3bdfa6918fb6.jpg;344;188;626;394
panda103_jpeg.rf.a78d481c7e471d40f6fd778b7d47f840.jpg;0;21;573;640
panda079_jpeg.rf.bc3d7f9f8c5b9fbbc69caff7e5a20835.jpg;73;7;486;640
panda030_jpeg.rf.b8e1a1940c96e99e52d6446218b2dde7.jpg;117;45;429;640
panda085_jpeg.rf.aa1f592e51ff0f1c5fe8f52d4355979d.jpg;132;4;365;640
panda016_jpeg.rf.ba991f0bbba6b7de5514fb14b64ee53a.jpg;133;34;525;629
panda169_jpeg.rf.c40465d7d3b1835e71b998a8c27e9c16.jpg;142;244;366;567
panda063_jpeg.rf.a536a2ca972bbb5e8928c1b3ca124c55.jpg;0;101;349;640
panda063_jpeg.rf.a536a2ca972bbb5e8928c1b3ca124c55.jpg;256;101;640;640
panda082_jpeg.rf.c7fe941c6a72a8cfc1d4d91fafe1c69d.jpg;243;0;640;640
panda027_jpeg.rf.c9691bfb04218076bd389a0bcdc82b4d.jpg;93;79;344;625
panda027_jpeg.rf.c9691bfb04218076bd389a0bcdc82b4d.jpg;271;48;543;580
panda020_jpeg.rf.b94cda11276c6a57f9405c1d99de5b0a.jpg;103;205;496;560
panda119_jpeg.rf.b5e044801bc7a57b89e61925c2f872e7.jpg;245;72;389;475
panda081_jpeg.rf.d186fae24feeb4d543a790e4e5a4c5db.jpg;70;186;343;640
panda056_jpeg.rf.ad3bcb04c577316bfb1a8710d1b56b5d.jpg;0;0;640;640
panda168_jpeg.rf.cac10da588af40dd647b8d0c87de8d35.jpg;99;113;358;495
panda102_jpeg.rf.d4c9b8c079ffbd3836a5e34e04eca0bb.jpg;172;24;608;640
panda100_jpeg.rf.cb4dd9f868ab1a91b30e423ddbbe7853.jpg;79;139;461;546
panda068_jpeg.rf.b141df428193a5b0737f96ee15e66737.jpg;185;7;571;640
panda012_jpeg.rf.d1810cec5ab13f7646053514bfe8a1d8.jpg;10;56;550;624
panda135_jpeg.rf.d8df8004da16e29c2841139b5d289adf.jpg;100;2;631;640
panda039_jpeg.rf.d2d1ce764e299397a699c2ec03f473ef.jpg;244;34;552;640
panda150_jpeg.rf.dd04f8ee3d8b88b0dc859bd7ac50252c.jpg;20;82;636;497
panda048_jpeg.rf.dff9c51563e567263e56a20961365198.jpg;127;70;529;626
panda124_jpeg.rf.dc8a96bd87018c228b13e0b087b9d35b.jpg;0;35;640;640
panda147_jpeg.rf.e6a8b17fb45ee28c753e34bc26b0c1eb.jpg;221;133;549;640
panda050_jpeg.rf.d638bafea5720713292fd663c150bbd7.jpg;339;43;568;573
panda023_jpeg.rf.ee0c393ad15143c1a4fb18986f562031.jpg;21;0;640;640
panda037_jpeg.rf.f81540e145f98679dcbab5c2e83d5c0b.jpg;109;22;526;591
panda120_jpeg.rf.ded9ed97357afac8a4467f1beb21aad6.jpg;38;0;640;640
panda062_jpeg.rf.daeece997f44ab61e654a38d4d3e4805.jpg;18;53;614;468
panda087_jpeg.rf.eedc3b33a697d9853d18a68812d0d8c5.jpg;291;19;550;640
panda140_jpeg.rf.e93200ede6aed299a1d5889715184f66.jpg;221;16;565;487
panda151_jpeg.rf.ec37bc2e2c1195222d0786b127fd62ed.jpg;93;215;563;506
panda011_jpeg.rf.df40a7d814f8eed7726be42286927dc9.jpg;74;18;375;504
panda167_jpeg.rf.f2085ece8307474822410ac72ea1135b.jpg;268;20;552;640
panda132_jpeg.rf.fac11bb4c912466a39c366034f12f521.jpg;30;16;547;630
panda032_jpeg.rf.f31c47f0924b223b31e190eb9e90893a.jpg;120;78;514;640
panda143_jpeg.rf.e988fb71e38d47f4623a894ce6e5b127.jpg;0;0;628;636
panda059_jpeg.rf.f8e56bc1615a033293370c218b0aa844.jpg;81;112;371;605
panda059_jpeg.rf.f8e56bc1615a033293370c218b0aa844.jpg;305;127;566;489
panda161_jpeg.rf.d1810adfd8b91753b99c173721b8edea.jpg;134;48;455;634
panda177_jpeg.rf.14cfd12000faf62a5451ea4485a344ea.jpg;67;50;486;598
panda098_jpeg.rf.37365de4943e1aea4e77c4e73800bb6b.jpg;170;41;597;640
panda007_jpeg.rf.66b8a3c18f7a1ba372dd7f1795bbb27f.jpg;38;15;555;640
panda055_jpeg.rf.4603f583c7b99c7435767b046c385c88.jpg;26;143;480;586
panda014_jpeg.rf.53e6ac85c5fbb559dc784d3771685f67.jpg;47;7;598;640
panda008_jpeg.rf.97008e6cf7206341daffe14c1b945eb5.jpg;75;181;640;598
panda008_jpeg.rf.97008e6cf7206341daffe14c1b945eb5.jpg;183;19;541;587
panda149_jpeg.rf.91b722da897a4b8c68005cf602ae2ec8.jpg;0;130;271;423
panda149_jpeg.rf.91b722da897a4b8c68005cf602ae2ec8.jpg;366;109;608;451
panda112_jpeg.rf.4ddc02721457abfd28a0f4fa0e6e6ee6.jpg;173;130;397;488
panda076_jpeg.rf.cbc313e221929aee04b0b3a2211ce337.jpg;185;9;597;557
panda022_jpeg.rf.424817d5a186a533786321e46c67f993.jpg;94;19;541;625
panda179_jpeg.rf.7c1ef41e85f64ee87cb3d88f32812540.jpg;61;136;544;576
panda179_jpeg.rf.7c1ef41e85f64ee87cb3d88f32812540.jpg;173;434;300;556
panda074_jpeg.rf.d53decd26077bace82ca83add3be0a42.jpg;106;32;490;632
panda015_jpeg.rf.2549f90403988cf9f1679d26bbb7167b.jpg;173;159;510;585
panda141_jpeg.rf.ddea4bce33e0d50ed77aad7af279efa8.jpg;58;128;542;575
panda060_jpeg.rf.978e68a0c1f180f06240f35c4a9b4789.jpg;185;94;432;575
panda035_jpeg.rf.eddb89ff7547f10c66ddee0c1d21b17e.jpg;232;54;552;559
panda136_jpeg.rf.47019ef0467eb34857d24cfb04475d92.jpg;117;46;640;640
